regione,hexagon_id,x,y,carcere,sovraffollamento,spazio,persone,descrizione
Abruzzo,Abruzzo_hex_3,803.37.00,535.23.00,Avezzano,153.34.00,"3,58",3,"Con 1543 posti e 2025 detenuti, il sovraffollamento è al 131%. Spazi pro capite ridotti, con 37 locali inutilizzabili. Docce e sanitari insufficienti aggravano la convivenza. Mediamente 3-4 persone per stanza, rendendo l’ambiente carcerario sovraccarico e poco vivibile."
Abruzzo,Abruzzo_hex_4,832.19.00,585.15.00,Chieti,168.35.00,"2,89",5,"Con 1543 posti e 2025 detenuti, il sovraffollamento è al 131%. Spazi pro capite ridotti, con 37 locali inutilizzabili. Docce e sanitari insufficienti aggravano la convivenza. Mediamente 3-4 persone per stanza, rendendo l’ambiente carcerario sovraccarico e poco vivibile."
Abruzzo,Abruzzo_hex_6,803.37.00,635.07.00,L'Aquila,76.13.00,"10,04",1,"Con 1543 posti e 2025 detenuti, il sovraffollamento è al 131%. Spazi pro capite ridotti, con 37 locali inutilizzabili. Docce e sanitari insufficienti aggravano la convivenza. Mediamente 3-4 persone per stanza, rendendo l’ambiente carcerario sovraccarico e poco vivibile."
Abruzzo,Abruzzo_hex_2,861.01.00,635.07.00,Lanciano,114.30.00,"6,4",2,"Con 1543 posti e 2025 detenuti, il sovraffollamento è al 131%. Spazi pro capite ridotti, con 37 locali inutilizzabili. Docce e sanitari insufficienti aggravano la convivenza. Mediamente 3-4 persone per stanza, rendendo l’ambiente carcerario sovraccarico e poco vivibile."
Abruzzo,Abruzzo_hex_8,774.14.00,585.15.00,Pescara,169.15.00,"2,88",5,"Con 1543 posti e 2025 detenuti, il sovraffollamento è al 131%. Spazi pro capite ridotti, con 37 locali inutilizzabili. Docce e sanitari insufficienti aggravano la convivenza. Mediamente 3-4 persone per stanza, rendendo l’ambiente carcerario sovraccarico e poco vivibile."
Abruzzo,Abruzzo_hex_5,832.19.00,684.59.00,Sulmona,190.52.00,"4,24",2,"Con 1543 posti e 2025 detenuti, il sovraffollamento è al 131%. Spazi pro capite ridotti, con 37 locali inutilizzabili. Docce e sanitari insufficienti aggravano la convivenza. Mediamente 3-4 persone per stanza, rendendo l’ambiente carcerario sovraccarico e poco vivibile."
Abruzzo,Abruzzo_hex_7,774.14.00,684.59.00,Teramo,153.54.00,"4,89",2,"Con 1543 posti e 2025 detenuti, il sovraffollamento è al 131%. Spazi pro capite ridotti, con 37 locali inutilizzabili. Docce e sanitari insufficienti aggravano la convivenza. Mediamente 3-4 persone per stanza, rendendo l’ambiente carcerario sovraccarico e poco vivibile."
Abruzzo,Abruzzo_hex_1,889.43.00,684.59.00,Vasto,68.03.00,"8,72",2,"Con 1543 posti e 2025 detenuti, il sovraffollamento è al 131%. Spazi pro capite ridotti, con 37 locali inutilizzabili. Docce e sanitari insufficienti aggravano la convivenza. Mediamente 3-4 persone per stanza, rendendo l’ambiente carcerario sovraccarico e poco vivibile."
Basilicata,Basilicata_hex_1,1178.05.00,884.27.00,Matera,149.20.00,"3,5",4,"Capienza di 368 posti e 464 detenuti (126%). La riduzione di locali (41 inutilizzabili) limita gli spazi pro capite. Condizioni migliorabili, con circa 3 persone per stanza e sanitari che non coprono le necessità."
Basilicata,Basilicata_hex_3,1149.23.00,934.20.00,Melfi,147.23.00,5,2,"Capienza di 368 posti e 464 detenuti (126%). La riduzione di locali (41 inutilizzabili) limita gli spazi pro capite. Condizioni migliorabili, con circa 3 persone per stanza e sanitari che non coprono le necessità."
Basilicata,Basilicata_hex_2,1120.01.00,884.27.00,Potenza,179.25.00,"4,67",2,"Capienza di 368 posti e 464 detenuti (126%). La riduzione di locali (41 inutilizzabili) limita gli spazi pro capite. Condizioni migliorabili, con circa 3 persone per stanza e sanitari che non coprono le necessità."
Calabria,Calabria_hex_11,1120.01.00,984.12.00,Castrovillari,144.20.00,"5,19",2,"2711 posti per 2997 detenuti (110%). Spazi limitati, con 68 locali inutilizzabili, e un sovraffollamento che spesso porta a 4-5 persone per cella. Servizi igienici e docce non soddisfano le esigenze della popolazione carceraria."
Calabria,Calabria_hex_2,1235.29.00,1084.36.00,Catanzaro,104.25.00,"5,31",2,"2711 posti per 2997 detenuti (110%). Spazi limitati, con 68 locali inutilizzabili, e un sovraffollamento che spesso porta a 4-5 persone per cella. Servizi igienici e docce non soddisfano le esigenze della popolazione carceraria."
Calabria,Calabria_hex_5,1206.47.00,1034.04.00,Cosenza,129.33.00,"3,97",3,"2711 posti per 2997 detenuti (110%). Spazi limitati, con 68 locali inutilizzabili, e un sovraffollamento che spesso porta a 4-5 persone per cella. Servizi igienici e docce non soddisfano le esigenze della popolazione carceraria."
Calabria,Calabria_hex_1,1293.34.00,1084.36.00,Crotone,135.16.00,"4,03",4,"2711 posti per 2997 detenuti (110%). Spazi limitati, con 68 locali inutilizzabili, e un sovraffollamento che spesso porta a 4-5 persone per cella. Servizi igienici e docce non soddisfano le esigenze della popolazione carceraria."
Calabria,Calabria_hex_7,1206.47.00,1134.28.00,Laureana,143.24.00,"4,85",2,"2711 posti per 2997 detenuti (110%). Spazi limitati, con 68 locali inutilizzabili, e un sovraffollamento che spesso porta a 4-5 persone per cella. Servizi igienici e docce non soddisfano le esigenze della popolazione carceraria."
Calabria,Calabria_hex_3,1235.29.00,1184.20.00,Locri,150,"3,64",4,"2711 posti per 2997 detenuti (110%). Spazi limitati, con 68 locali inutilizzabili, e un sovraffollamento che spesso porta a 4-5 persone per cella. Servizi igienici e docce non soddisfano le esigenze della popolazione carceraria."
Calabria,Calabria_hex_8,1178.05.00,1184.20.00,Palmi,125.22.00,"4,36",4,"2711 posti per 2997 detenuti (110%). Spazi limitati, con 68 locali inutilizzabili, e un sovraffollamento che spesso porta a 4-5 persone per cella. Servizi igienici e docce non soddisfano le esigenze della popolazione carceraria."
Calabria,Calabria_hex_12,1149.23.00,1034.04.00,Paola,115.58.00,"6,6",2,"2711 posti per 2997 detenuti (110%). Spazi limitati, con 68 locali inutilizzabili, e un sovraffollamento che spesso porta a 4-5 persone per cella. Servizi igienici e docce non soddisfano le esigenze della popolazione carceraria."
Calabria,Calabria_hex_9,1206.47.00,1234.12.00,Reggio Calabria,119.19.00,"4,45",3,"2711 posti per 2997 detenuti (110%). Spazi limitati, con 68 locali inutilizzabili, e un sovraffollamento che spesso porta a 4-5 persone per cella. Servizi igienici e docce non soddisfano le esigenze della popolazione carceraria."
Calabria,Calabria_hex_10,1178.05.00,1284.04.00,Reggio - Arghillà,115.08.00,"4,57",4,"2711 posti per 2997 detenuti (110%). Spazi limitati, con 68 locali inutilizzabili, e un sovraffollamento che spesso porta a 4-5 persone per cella. Servizi igienici e docce non soddisfano le esigenze della popolazione carceraria."
Calabria,Calabria_hex_4,1178.05.00,984.12.00,Rossano,117.11.00,"4,69",3,"2711 posti per 2997 detenuti (110%). Spazi limitati, con 68 locali inutilizzabili, e un sovraffollamento che spesso porta a 4-5 persone per cella. Servizi igienici e docce non soddisfano le esigenze della popolazione carceraria."
Calabria,Calabria_hex_6,1178.05.00,1084.36.00,Vibo Valentia,100,"5,3",3,"2711 posti per 2997 detenuti (110%). Spazi limitati, con 68 locali inutilizzabili, e un sovraffollamento che spesso porta a 4-5 persone per cella. Servizi igienici e docce non soddisfano le esigenze della popolazione carceraria."
Campania,Campania_hex_1,1091.18.00,834.35.00,Ariano Irpino,131.17.00,"4,12",3,"6222 posti previsti per 7568 detenuti (122%). Spazi sovraccarichi, con 281 locali inutilizzabili. Mediamente 5 detenuti per stanza, con condizioni di vivibilità al limite e servizi igienici spesso insufficienti."
Campania,Campania_hex_6,1033.54.00,834.35.00,Arienzo,145.23.00,"4,68",2,"6222 posti previsti per 7568 detenuti (122%). Spazi sovraccarichi, con 281 locali inutilizzabili. Mediamente 5 detenuti per stanza, con condizioni di vivibilità al limite e servizi igienici spesso insufficienti."
Campania,Campania_hex_2,1062.36.00,884.27.00,Avellino,109.45.00,"4,89",3,"6222 posti previsti per 7568 detenuti (122%). Spazi sovraccarichi, con 281 locali inutilizzabili. Mediamente 5 detenuti per stanza, con condizioni di vivibilità al limite e servizi igienici spesso insufficienti."
Campania,Campania_hex_12,889.43.00,784.43.00,Aversa,112.39.00,"4,76",3,"6222 posti previsti per 7568 detenuti (122%). Spazi sovraccarichi, con 281 locali inutilizzabili. Mediamente 5 detenuti per stanza, con condizioni di vivibilità al limite e servizi igienici spesso insufficienti."
Campania,Campania_hex_5,1005.12.00,784.43.00,Benevento,159.13.00,"4,42",2,"6222 posti previsti per 7568 detenuti (122%). Spazi sovraccarichi, con 281 locali inutilizzabili. Mediamente 5 detenuti per stanza, con condizioni di vivibilità al limite e servizi igienici spesso insufficienti."
Campania,Campania_hex_14,832.19.00,784.43.00,Carinola,91.20.00,"6,46",2,"6222 posti previsti per 7568 detenuti (122%). Spazi sovraccarichi, con 281 locali inutilizzabili. Mediamente 5 detenuti per stanza, con condizioni di vivibilità al limite e servizi igienici spesso insufficienti."
Campania,Campania_hex_8,1033.54.00,934.20.00,Eboli,89.29.00,"5,52",6,"6222 posti previsti per 7568 detenuti (122%). Spazi sovraccarichi, con 281 locali inutilizzabili. Mediamente 5 detenuti per stanza, con condizioni di vivibilità al limite e servizi igienici spesso insufficienti."
Campania,Campania_hex_10,976.30.00,834.35.00,Lauro,10,"57,8",1,"6222 posti previsti per 7568 detenuti (122%). Spazi sovraccarichi, con 281 locali inutilizzabili. Mediamente 5 detenuti per stanza, con condizioni di vivibilità al limite e servizi igienici spesso insufficienti."
Campania,Campania_hex_11,947.07.00,884.27.00,Poggioreale,157.29.00,"3,34",4,"6222 posti previsti per 7568 detenuti (122%). Spazi sovraccarichi, con 281 locali inutilizzabili. Mediamente 5 detenuti per stanza, con condizioni di vivibilità al limite e servizi igienici spesso insufficienti."
Campania,Campania_hex_13,918.25.00,834.35.00,Secondigliano,132.20.00,"5,18",2,"6222 posti previsti per 7568 detenuti (122%). Spazi sovraccarichi, con 281 locali inutilizzabili. Mediamente 5 detenuti per stanza, con condizioni di vivibilità al limite e servizi igienici spesso insufficienti."
Campania,Campania_hex_15,861.01.00,834.35.00,Pozzuoli,0,0,0,"6222 posti previsti per 7568 detenuti (122%). Spazi sovraccarichi, con 281 locali inutilizzabili. Mediamente 5 detenuti per stanza, con condizioni di vivibilità al limite e servizi igienici spesso insufficienti."
Campania,Campania_hex_7,1005.12.00,884.27.00,Salerno,159.04.00,"3,09",5,"6222 posti previsti per 7568 detenuti (122%). Spazi sovraccarichi, con 281 locali inutilizzabili. Mediamente 5 detenuti per stanza, con condizioni di vivibilità al limite e servizi igienici spesso insufficienti."
Campania,Campania_hex_3,1091.18.00,934.20.00,Sant'Angelo,153.39.00,"3,81",3,"6222 posti previsti per 7568 detenuti (122%). Spazi sovraccarichi, con 281 locali inutilizzabili. Mediamente 5 detenuti per stanza, con condizioni di vivibilità al limite e servizi igienici spesso insufficienti."
Campania,Campania_hex_9,947.07.00,784.43.00,S. Maria Capua Vetere,141.38.00,"3,81",3,"6222 posti previsti per 7568 detenuti (122%). Spazi sovraccarichi, con 281 locali inutilizzabili. Mediamente 5 detenuti per stanza, con condizioni di vivibilità al limite e servizi igienici spesso insufficienti."
Campania,Campania_hex_4,1062.36.00,984.12.00,Vallo della Lucania,142.50.00,"3,42",6,"6222 posti previsti per 7568 detenuti (122%). Spazi sovraccarichi, con 281 locali inutilizzabili. Mediamente 5 detenuti per stanza, con condizioni di vivibilità al limite e servizi igienici spesso insufficienti."
Emilia-Romagna,Emilia-Romagna_hex_1,572.39.00,335.14.00,Bologna,175.42.00,"4,26",2,"2984 posti e 3827 detenuti (128%). Il sovraffollamento riduce gli spazi pro capite, con 129 locali inutilizzabili. Circa 4 persone per stanza, servizi doccia migliorabili per garantire condizioni dignitose."
Emilia-Romagna,Emilia-Romagna_hex_2,543.57.00,285.22.00,Castelfranco Emilia,70.20.00,"8,19",2,"2984 posti e 3827 detenuti (128%). Il sovraffollamento riduce gli spazi pro capite, con 129 locali inutilizzabili. Circa 4 persone per stanza, servizi doccia migliorabili per garantire condizioni dignitose."
Emilia-Romagna,Emilia-Romagna_hex_3,601.21.00,285.22.00,Ferrara,161.48.00,"4,53",2,"2984 posti e 3827 detenuti (128%). Il sovraffollamento riduce gli spazi pro capite, con 129 locali inutilizzabili. Circa 4 persone per stanza, servizi doccia migliorabili per garantire condizioni dignitose."
Emilia-Romagna,Emilia-Romagna_hex_4,630.03.00,335.14.00,Forlì,121.21.00,"6,1",2,"2984 posti e 3827 detenuti (128%). Il sovraffollamento riduce gli spazi pro capite, con 129 locali inutilizzabili. Circa 4 persone per stanza, servizi doccia migliorabili per garantire condizioni dignitose."
Emilia-Romagna,Emilia-Romagna_hex_5,515.15.00,335.14.00,Modena,154.33.00,"3,76",3,"2984 posti e 3827 detenuti (128%). Il sovraffollamento riduce gli spazi pro capite, con 129 locali inutilizzabili. Circa 4 persone per stanza, servizi doccia migliorabili per garantire condizioni dignitose."
Emilia-Romagna,Emilia-Romagna_hex_6,428.28.00,285.22.00,Parma,116.37.00,"5,74",2,"2984 posti e 3827 detenuti (128%). Il sovraffollamento riduce gli spazi pro capite, con 129 locali inutilizzabili. Circa 4 persone per stanza, servizi doccia migliorabili per garantire condizioni dignitose."
Emilia-Romagna,Emilia-Romagna_hex_7,371.04.00,285.22.00,Piacenza,127.38.00,"5,33",2,"2984 posti e 3827 detenuti (128%). Il sovraffollamento riduce gli spazi pro capite, con 129 locali inutilizzabili. Circa 4 persone per stanza, servizi doccia migliorabili per garantire condizioni dignitose."
Emilia-Romagna,Emilia-Romagna_hex_8,659.26.00,285.22.00,Ravenna,188.16.00,"4,12",2,"2984 posti e 3827 detenuti (128%). Il sovraffollamento riduce gli spazi pro capite, con 129 locali inutilizzabili. Circa 4 persone per stanza, servizi doccia migliorabili per garantire condizioni dignitose."
Emilia-Romagna,Emilia-Romagna_hex_9,486.32.00,285.22.00,Reggio Emilia,121,"5,79",2,"2984 posti e 3827 detenuti (128%). Il sovraffollamento riduce gli spazi pro capite, con 129 locali inutilizzabili. Circa 4 persone per stanza, servizi doccia migliorabili per garantire condizioni dignitose."
Emilia-Romagna,Emilia-Romagna_hex_10,688.08.00,335.14.00,Rimini,130.51.00,"4,17",3,"2984 posti e 3827 detenuti (128%). Il sovraffollamento riduce gli spazi pro capite, con 129 locali inutilizzabili. Circa 4 persone per stanza, servizi doccia migliorabili per garantire condizioni dignitose."
Friuli-Venezia Giulia,Friuli-Venezia-Giulia_hex_1,716.50.00,83.24.00,Gorizia,136.25.00,"3,55",5,"484 posti per 689 detenuti (142%). Sovraffollamento grave, con 6 locali non disponibili. Spazi ridotti e circa 4 persone per cella, situazione resa critica da carenze nei servizi sanitari."
Friuli-Venezia Giulia,Friuli-Venezia-Giulia_hex_2,659.26.00,83.24.00,Pordenone,130.13.00,"4,25",4,"484 posti per 689 detenuti (142%). Sovraffollamento grave, con 6 locali non disponibili. Spazi ridotti e circa 4 persone per cella, situazione resa critica da carenze nei servizi sanitari."
Friuli-Venezia Giulia,Friuli-Venezia-Giulia_hex_3,688.08.00,33.28.00,Tolmezzo,96.35.00,"7,75",1,"484 posti per 689 detenuti (142%). Sovraffollamento grave, con 6 locali non disponibili. Spazi ridotti e circa 4 persone per cella, situazione resa critica da carenze nei servizi sanitari."
Friuli-Venezia Giulia,Friuli-Venezia-Giulia_hex_5,745.32.00,33.28.00,Trieste,172.32.00,"3,1",4,"484 posti per 689 detenuti (142%). Sovraffollamento grave, con 6 locali non disponibili. Spazi ridotti e circa 4 persone per cella, situazione resa critica da carenze nei servizi sanitari."
Friuli-Venezia Giulia,Friuli-Venezia-Giulia_hex_4,745.32.00,133.13.00,Udine,193.41.00,"2,9",3,"484 posti per 689 detenuti (142%). Sovraffollamento grave, con 6 locali non disponibili. Spazi ridotti e circa 4 persone per cella, situazione resa critica da carenze nei servizi sanitari."
Lazio,Lazio_hex_1,803.37.00,734.51.00,Cassino,136.25.00,"2,42",2,"5282 posti e 6772 detenuti (128%). Grave sovraffollamento con 496 locali inutilizzabili. Spazi pro capite insufficienti, circa 5-6 persone per stanza e servizi sovraccarichi rendono il contesto particolarmente difficile."
Lazio,Lazio_hex_2,543.57.00,585.15.00,Civitavecchia - Circ.,130.13.00,"4,26",2,"5282 posti e 6772 detenuti (128%). Grave sovraffollamento con 496 locali inutilizzabili. Spazi pro capite insufficienti, circa 5-6 persone per stanza e servizi sovraccarichi rendono il contesto particolarmente difficile."
Lazio,Lazio_hex_3,572.39.00,635.07.00,Civitavecchia - Rec.,96.35.00,"7,16",2,"5282 posti e 6772 detenuti (128%). Grave sovraffollamento con 496 locali inutilizzabili. Spazi pro capite insufficienti, circa 5-6 persone per stanza e servizi sovraccarichi rendono il contesto particolarmente difficile."
Lazio,Lazio_hex_4,774.14.00,784.43.00,Frosinone,172.32.00,"4,93",2,"5282 posti e 6772 detenuti (128%). Grave sovraffollamento con 496 locali inutilizzabili. Spazi pro capite insufficienti, circa 5-6 persone per stanza e servizi sovraccarichi rendono il contesto particolarmente difficile."
Lazio,Lazio_hex_5,688.08.00,734.51.00,Latina,193.41.00,"3,26",3,"5282 posti e 6772 detenuti (128%). Grave sovraffollamento con 496 locali inutilizzabili. Spazi pro capite insufficienti, circa 5-6 persone per stanza e servizi sovraccarichi rendono il contesto particolarmente difficile."
Lazio,Lazio_hex_6,745.32.00,734.51.00,Paliano,169.29.00,"13,33",2,"5282 posti e 6772 detenuti (128%). Grave sovraffollamento con 496 locali inutilizzabili. Spazi pro capite insufficienti, circa 5-6 persone per stanza e servizi sovraccarichi rendono il contesto particolarmente difficile."
Lazio,Lazio_hex_7,745.32.00,535.23.00,Rieti,171.38.00,"2,92",4,"5282 posti e 6772 detenuti (128%). Grave sovraffollamento con 496 locali inutilizzabili. Spazi pro capite insufficienti, circa 5-6 persone per stanza e servizi sovraccarichi rendono il contesto particolarmente difficile."
Lazio,Lazio_hex_8,659.26.00,684.59.00,Roma,94.57.00,"2,83",4,"5282 posti e 6772 detenuti (128%). Grave sovraffollamento con 496 locali inutilizzabili. Spazi pro capite insufficienti, circa 5-6 persone per stanza e servizi sovraccarichi rendono il contesto particolarmente difficile."
Lazio,Lazio_hex_9,716.50.00,585.15.00,Rebibbia - Circ.,175.32.00,"8,95",2,"5282 posti e 6772 detenuti (128%). Grave sovraffollamento con 496 locali inutilizzabili. Spazi pro capite insufficienti, circa 5-6 persone per stanza e servizi sovraccarichi rendono il contesto particolarmente difficile."
Lazio,Lazio_hex_10,630.03.00,635.07.00,Rebibbia - Nuovo Comp.,124.57.00,"3,87",3,"5282 posti e 6772 detenuti (128%). Grave sovraffollamento con 496 locali inutilizzabili. Spazi pro capite insufficienti, circa 5-6 persone per stanza e servizi sovraccarichi rendono il contesto particolarmente difficile."
Lazio,Lazio_hex_11,688.08.00,635.07.00,Rebibbia - Rec,189.33.00,"7,66",1,"5282 posti e 6772 detenuti (128%). Grave sovraffollamento con 496 locali inutilizzabili. Spazi pro capite insufficienti, circa 5-6 persone per stanza e servizi sovraccarichi rendono il contesto particolarmente difficile."
Lazio,Lazio_hex_12,745.32.00,635.07.00,Rebibbia - Femm.,43.42.00,"3,99",3,"5282 posti e 6772 detenuti (128%). Grave sovraffollamento con 496 locali inutilizzabili. Spazi pro capite insufficienti, circa 5-6 persone per stanza e servizi sovraccarichi rendono il contesto particolarmente difficile."
Lazio,Lazio_hex_13,716.50.00,684.59.00,Velletri,198.41.00,"4,47",2,"5282 posti e 6772 detenuti (128%). Grave sovraffollamento con 496 locali inutilizzabili. Spazi pro capite insufficienti, circa 5-6 persone per stanza e servizi sovraccarichi rendono il contesto particolarmente difficile."
Lazio,Lazio_hex_14,601.21.00,585.15.00,Viterbo,147.30.00,"4,28",2,"5282 posti e 6772 detenuti (128%). Grave sovraffollamento con 496 locali inutilizzabili. Spazi pro capite insufficienti, circa 5-6 persone per stanza e servizi sovraccarichi rendono il contesto particolarmente difficile."
Liguria,Liguria_hex_1,284.17.00,235.30.00,Chiavari,174.07.00,"4,55",3,"1608 posti e 1953 detenuti (121%). Con 72 locali non disponibili, gli spazi pro capite sono ridotti. Mediamente 4 detenuti per stanza, con sanitari insufficienti per garantire condizioni ottimali."
Liguria,Liguria_hex_2,226.53.00,235.30.00,Genova Marassi,103.33.00,"4,11",4,"1608 posti e 1953 detenuti (121%). Con 72 locali non disponibili, gli spazi pro capite sono ridotti. Mediamente 4 detenuti per stanza, con sanitari insufficienti per garantire condizioni ottimali."
Liguria,Liguria_hex_3,169.28.00,235.30.00,Genova Pontedecimo,139.04.00,"4,22",2,"1608 posti e 1953 detenuti (121%). Con 72 locali non disponibili, gli spazi pro capite sono ridotti. Mediamente 4 detenuti per stanza, con sanitari insufficienti per garantire condizioni ottimali."
Liguria,Liguria_hex_4,111.24.00,235.30.00,Imperia,119.23.00,"4,57",2,"1608 posti e 1953 detenuti (121%). Con 72 locali non disponibili, gli spazi pro capite sono ridotti. Mediamente 4 detenuti per stanza, con sanitari insufficienti per garantire condizioni ottimali."
Liguria,Liguria_hex_5,313.39.00,285.22.00,La Spezia,131.05.00,"3,59",2,"1608 posti e 1953 detenuti (121%). Con 72 locali non disponibili, gli spazi pro capite sono ridotti. Mediamente 4 detenuti per stanza, con sanitari insufficienti per garantire condizioni ottimali."
Liguria,Liguria_hex_6,82.42.00,285.22.00,Sanremo,165.11.00,"4,53",3,"1608 posti e 1953 detenuti (121%). Con 72 locali non disponibili, gli spazi pro capite sono ridotti. Mediamente 4 detenuti per stanza, con sanitari insufficienti per garantire condizioni ottimali."
Lombardia,Lombardia_hex_1,515.15.00,135.46.00,Brescia Verziano,184.36.00,"6,18",2,"6258 posti e 9123 detenuti (146%). Regione con il maggiore sovraffollamento, con 261 locali inutilizzabili. Spazi ridotti costringono 5-6 persone per stanza. Servizi sanitari e docce non adeguati."
Lombardia,Lombardia_hex_2,313.39.00,185.38.00,Pavia,175.25.00,"4,94",3,"6258 posti e 9123 detenuti (146%). Regione con il maggiore sovraffollamento, con 261 locali inutilizzabili. Spazi ridotti costringono 5-6 persone per stanza. Servizi sanitari e docce non adeguati."
Lombardia,Lombardia_hex_3,284.17.00,135.46.00,Vigevano,133.02.00,"2,68",4,"6258 posti e 9123 detenuti (146%). Regione con il maggiore sovraffollamento, con 261 locali inutilizzabili. Spazi ridotti costringono 5-6 persone per stanza. Servizi sanitari e docce non adeguati."
Lombardia,Lombardia_hex_4,313.39.00,85.54.00,Busto Arsizio,113.08.00,"4,53",2,"6258 posti e 9123 detenuti (146%). Regione con il maggiore sovraffollamento, con 261 locali inutilizzabili. Spazi ridotti costringono 5-6 persone per stanza. Servizi sanitari e docce non adeguati."
Lombardia,Lombardia_hex_5,284.17.00,36.02.00,Varese,145.23.00,"2,74",3,"6258 posti e 9123 detenuti (146%). Regione con il maggiore sovraffollamento, con 261 locali inutilizzabili. Spazi ridotti costringono 5-6 persone per stanza. Servizi sanitari e docce non adeguati."
Lombardia,Lombardia_hex_6,342.21.00,235.30.00,Voghera,146.15.00,"2,99",3,"6258 posti e 9123 detenuti (146%). Regione con il maggiore sovraffollamento, con 261 locali inutilizzabili. Spazi ridotti costringono 5-6 persone per stanza. Servizi sanitari e docce non adeguati."
Lombardia,Lombardia_hex_7,371.04.00,185.38.00,Milano San Vittore,160.38.00,"3,72",3,"6258 posti e 9123 detenuti (146%). Regione con il maggiore sovraffollamento, con 261 locali inutilizzabili. Spazi ridotti costringono 5-6 persone per stanza. Servizi sanitari e docce non adeguati."
Lombardia,Lombardia_hex_8,342.21.00,135.46.00,Bollate,124.27.00,"3,58",3,"6258 posti e 9123 detenuti (146%). Regione con il maggiore sovraffollamento, con 261 locali inutilizzabili. Spazi ridotti costringono 5-6 persone per stanza. Servizi sanitari e docce non adeguati."
Lombardia,Lombardia_hex_9,371.04.00,85.54.00,Como,208.09.00,"2,78",3,"6258 posti e 9123 detenuti (146%). Regione con il maggiore sovraffollamento, con 261 locali inutilizzabili. Spazi ridotti costringono 5-6 persone per stanza. Servizi sanitari e docce non adeguati."
Lombardia,Lombardia_hex_10,399.46.00,235.30.00,Opera,228.09.00,"2,74",4,"6258 posti e 9123 detenuti (146%). Regione con il maggiore sovraffollamento, con 261 locali inutilizzabili. Spazi ridotti costringono 5-6 persone per stanza. Servizi sanitari e docce non adeguati."
Lombardia,Lombardia_hex_11,428.28.00,185.38.00,Lodi,199.06.00,"2,41",3,"6258 posti e 9123 detenuti (146%). Regione con il maggiore sovraffollamento, con 261 locali inutilizzabili. Spazi ridotti costringono 5-6 persone per stanza. Servizi sanitari e docce non adeguati."
Lombardia,Lombardia_hex_12,399.46.00,135.46.00,Monza,198.02.00,"3,36",3,"6258 posti e 9123 detenuti (146%). Regione con il maggiore sovraffollamento, con 261 locali inutilizzabili. Spazi ridotti costringono 5-6 persone per stanza. Servizi sanitari e docce non adeguati."
Lombardia,Lombardia_hex_13,428.28.00,85.54.00,Lecco,199.56.00,"6,24",2,"6258 posti e 9123 detenuti (146%). Regione con il maggiore sovraffollamento, con 261 locali inutilizzabili. Spazi ridotti costringono 5-6 persone per stanza. Servizi sanitari e docce non adeguati."
Lombardia,Lombardia_hex_14,399.46.00,36.02.00,Sondrio,108.33.00,"4,9",2,"6258 posti e 9123 detenuti (146%). Regione con il maggiore sovraffollamento, con 261 locali inutilizzabili. Spazi ridotti costringono 5-6 persone per stanza. Servizi sanitari e docce non adeguati."
Lombardia,Lombardia_hex_15,457.10.00,235.30.00,Cremona,160,"4,29",3,"6258 posti e 9123 detenuti (146%). Regione con il maggiore sovraffollamento, con 261 locali inutilizzabili. Spazi ridotti costringono 5-6 persone per stanza. Servizi sanitari e docce non adeguati."
Lombardia,Lombardia_hex_16,486.32.00,185.38.00,Brescia Monbello,119,"4,82",2,"6258 posti e 9123 detenuti (146%). Regione con il maggiore sovraffollamento, con 261 locali inutilizzabili. Spazi ridotti costringono 5-6 persone per stanza. Servizi sanitari e docce non adeguati."
Lombardia,Lombardia_hex_17,457.10.00,135.46.00,Bergamo,147.17.00,"3,27",3,"6258 posti e 9123 detenuti (146%). Regione con il maggiore sovraffollamento, con 261 locali inutilizzabili. Spazi ridotti costringono 5-6 persone per stanza. Servizi sanitari e docce non adeguati."
Lombardia,Lombardia_hex_18,515.15.00,235.30.00,Mantova,151.04.00,"4,45",2,"6258 posti e 9123 detenuti (146%). Regione con il maggiore sovraffollamento, con 261 locali inutilizzabili. Spazi ridotti costringono 5-6 persone per stanza. Servizi sanitari e docce non adeguati."
Marche,Marche_hex_1,688.08.00,435.39.00,Ancona Barcaglione,189.08.00,"8,41",1,"837 posti per 955 detenuti (114%). Spazi ridotti, con 85 locali inutilizzabili. Circa 3-4 persone per cella, con condizioni accettabili ma migliorabili nei servizi igienici."
Marche,Marche_hex_2,745.32.00,435.39.00,Ancona Montacuto,166,"4,06",4,"837 posti per 955 detenuti (114%). Spazi ridotti, con 85 locali inutilizzabili. Circa 3-4 persone per cella, con condizioni accettabili ma migliorabili nei servizi igienici."
Marche,Marche_hex_3,716.50.00,485.31.00,Ascoli Piceno,101.17.00,5,2,"837 posti per 955 detenuti (114%). Spazi ridotti, con 85 locali inutilizzabili. Circa 3-4 persone per cella, con condizioni accettabili ma migliorabili nei servizi igienici."
Marche,Marche_hex_4,774.14.00,485.31.00,Fermo,90,"4,02",3,"837 posti per 955 detenuti (114%). Spazi ridotti, con 85 locali inutilizzabili. Circa 3-4 persone per cella, con condizioni accettabili ma migliorabili nei servizi igienici."
Marche,Marche_hex_5,659.26.00,385.06.00,Fossombrone,131.25.00,"4,76",1,"837 posti per 955 detenuti (114%). Spazi ridotti, con 85 locali inutilizzabili. Circa 3-4 persone per cella, con condizioni accettabili ma migliorabili nei servizi igienici."
Marche,Marche_hex_6,716.50.00,385.06.00,Pesaro,128.28.00,"3,68",3,"837 posti per 955 detenuti (114%). Spazi ridotti, con 85 locali inutilizzabili. Circa 3-4 persone per cella, con condizioni accettabili ma migliorabili nei servizi igienici."
Molise,Molise_hex_1,918.25.00,734.51.00,Campobasso,139.53.00,"3,13",3,"275 posti e 367 detenuti (133%). Spazi sovraffollati, con 32 locali inutilizzabili. Mediamente 4 persone per stanza, sanitari limitati e docce insufficienti."
Molise,Molise_hex_2,861.01.00,734.51.00,Isernia,87.13.00,"4,36",3,"275 posti e 367 detenuti (133%). Spazi sovraffollati, con 32 locali inutilizzabili. Mediamente 4 persone per stanza, sanitari limitati e docce insufficienti."
Molise,Molise_hex_3,947.07.00,684.59.00,Larino,167.11.00,"5,05",2,"275 posti e 367 detenuti (133%). Spazi sovraffollati, con 32 locali inutilizzabili. Mediamente 4 persone per stanza, sanitari limitati e docce insufficienti."
Piemonte,Piemonte_hex_1,140.06.00,185.38.00,Alba,180.21.00,"5,53",1,"3325 posti per 3712 detenuti (112%). Con 202 locali inutilizzabili, gli spazi pro capite sono ridotti. Circa 3-4 persone per stanza, con docce e sanitari al limite della sufficienza."
Piemonte,Piemonte_hex_2,111.24.00,135.46.00,Asti,128,"6,07",2,"3325 posti per 3712 detenuti (112%). Con 202 locali inutilizzabili, gli spazi pro capite sono ridotti. Circa 3-4 persone per stanza, con docce e sanitari al limite della sufficienza."
Piemonte,Piemonte_hex_3,140.06.00,85.54.00,Biella,138.30.00,"5,54",2,"3325 posti per 3712 detenuti (112%). Con 202 locali inutilizzabili, gli spazi pro capite sono ridotti. Circa 3-4 persone per stanza, con docce e sanitari al limite della sufficienza."
Piemonte,Piemonte_hex_4,54,235.30.00,Cuneo,82.03.00,"5,18",2,"3325 posti per 3712 detenuti (112%). Con 202 locali inutilizzabili, gli spazi pro capite sono ridotti. Circa 3-4 persone per stanza, con docce e sanitari al limite della sufficienza."
Piemonte,Piemonte_hex_5,82.42.00,185.38.00,Fossano,120.01.00,"6,53",3,"3325 posti per 3712 detenuti (112%). Con 202 locali inutilizzabili, gli spazi pro capite sono ridotti. Circa 3-4 persone per stanza, con docce e sanitari al limite della sufficienza."
Piemonte,Piemonte_hex_6,82.42.00,85.54.00,Ivrea,119.12.00,"5,53",2,"3325 posti per 3712 detenuti (112%). Con 202 locali inutilizzabili, gli spazi pro capite sono ridotti. Circa 3-4 persone per stanza, con docce e sanitari al limite della sufficienza."
Piemonte,Piemonte_hex_7,24,185.38.00,Saluzzo,105.51.00,"7,81",2,"3325 posti per 3712 detenuti (112%). Con 202 locali inutilizzabili, gli spazi pro capite sono ridotti. Circa 3-4 persone per stanza, con docce e sanitari al limite della sufficienza."
Piemonte,Piemonte_hex_8,54,135:46:00,Torino,82.35.00,"5,5",2,"3325 posti per 3712 detenuti (112%). Con 202 locali inutilizzabili, gli spazi pro capite sono ridotti. Circa 3-4 persone per stanza, con docce e sanitari al limite della sufficienza."
Piemonte,Piemonte_hex_9,169.28.00,36.02.00,Verbania,138.30.00,"3,72",3,"3325 posti per 3712 detenuti (112%). Con 202 locali inutilizzabili, gli spazi pro capite sono ridotti. Circa 3-4 persone per stanza, con docce e sanitari al limite della sufficienza."
Piemonte,Piemonte_hex_10,169.28.00,135.46.00,Vercelli,84.36.00,"4,36",2,"3325 posti per 3712 detenuti (112%). Con 202 locali inutilizzabili, gli spazi pro capite sono ridotti. Circa 3-4 persone per stanza, con docce e sanitari al limite della sufficienza."
Piemonte,Piemonte_hex_11,255.35.00,185.38.00,Alessandria - Rec.,151.34.00,"5,34",2,"3325 posti per 3712 detenuti (112%). Con 202 locali inutilizzabili, gli spazi pro capite sono ridotti. Circa 3-4 persone per stanza, con docce e sanitari al limite della sufficienza."
Piemonte,Piemonte_hex_12,198.11.00,185.38.00,Alessandria - Circ.,101.01.00,5,3,"3325 posti per 3712 detenuti (112%). Con 202 locali inutilizzabili, gli spazi pro capite sono ridotti. Circa 3-4 persone per stanza, con docce e sanitari al limite della sufficienza."
Piemonte,Piemonte_hex_13,226.53.00,135.46.00,Novara,207.45.00,"3,07",4,"3325 posti per 3712 detenuti (112%). Con 202 locali inutilizzabili, gli spazi pro capite sono ridotti. Circa 3-4 persone per stanza, con docce e sanitari al limite della sufficienza."
Puglia,Puglia_hex_1,1149.23.00,834.35.00,Altamura,132.06.00,"4,59",2,"2943 posti per 4388 detenuti (149%). Sovraffollamento grave, con 209 locali non disponibili. Mediamente 5 persone per stanza, con servizi sanitari e docce inadeguati."
Puglia,Puglia_hex_2,1120.01.00,784.43.00,Bari,153.23.00,"3,14",3,"2943 posti per 4388 detenuti (149%). Sovraffollamento grave, con 209 locali non disponibili. Mediamente 5 persone per stanza, con servizi sanitari e docce inadeguati."
Puglia,Puglia_hex_3,1293.34.00,884.27.00,Brindisi,168.45.00,"3,6",3,"2943 posti per 4388 detenuti (149%). Sovraffollamento grave, con 209 locali non disponibili. Mediamente 5 persone per stanza, con servizi sanitari e docce inadeguati."
Puglia,Puglia_hex_4,1033.54.00,734.51.00,Foggia,161.18.00,"2,8",4,"2943 posti per 4388 detenuti (149%). Sovraffollamento grave, con 209 locali non disponibili. Mediamente 5 persone per stanza, con servizi sanitari e docce inadeguati."
Puglia,Puglia_hex_5,1322.16.00,934.20.00,Lecce,167.46.00,"4,35",2,"2943 posti per 4388 detenuti (149%). Sovraffollamento grave, con 209 locali non disponibili. Mediamente 5 persone per stanza, con servizi sanitari e docce inadeguati."
Puglia,Puglia_hex_6,976.30.00,734.51.00,Lucera,164.27.00,"4,85",3,"2943 posti per 4388 detenuti (149%). Sovraffollamento grave, con 209 locali non disponibili. Mediamente 5 persone per stanza, con servizi sanitari e docce inadeguati."
Puglia,Puglia_hex_7,1005.12.00,684.59.00,San Severo,208.23.00,"8,54",1,"2943 posti per 4388 detenuti (149%). Sovraffollamento grave, con 209 locali non disponibili. Mediamente 5 persone per stanza, con servizi sanitari e docce inadeguati."
Puglia,Puglia_hex_8,1235.29.00,884.27.00,Taranto,161.27.00,"2,98",3,"2943 posti per 4388 detenuti (149%). Sovraffollamento grave, con 209 locali non disponibili. Mediamente 5 persone per stanza, con servizi sanitari e docce inadeguati."
Puglia,Puglia_hex_9,1062.36.00,784.43.00,Trani - Circ.,121.48.00,"3,85",2,"2943 posti per 4388 detenuti (149%). Sovraffollamento grave, con 209 locali non disponibili. Mediamente 5 persone per stanza, con servizi sanitari e docce inadeguati."
Puglia,Puglia_hex_10,1091.18.00,734.51.00,Trani - Femm.,131.15.00,"4,56",3,"2943 posti per 4388 detenuti (149%). Sovraffollamento grave, con 209 locali non disponibili. Mediamente 5 persone per stanza, con servizi sanitari e docce inadeguati."
Puglia,Puglia_hex_11,1206.47.00,834.35.00,Turi,19.39,"3,73",4,"2943 posti per 4388 detenuti (149%). Sovraffollamento grave, con 209 locali non disponibili. Mediamente 5 persone per stanza, con servizi sanitari e docce inadeguati."
Sardegna,Sardegna_hex_1,140.06.00,984.12.00,Alghero,131.56.00,"10,69",2,"2614 posti per 2280 detenuti (87%). Unica regione con capienza quasi adeguata, ma 99 locali inutilizzabili. Mediamente 2-3 persone per stanza, condizioni gestibili ma con spazi da ottimizzare."
Sardegna,Sardegna_hex_2,169.28.00,1134.28.00,Arbus id Arenas,125,"7,75",3,"2614 posti per 2280 detenuti (87%). Unica regione con capienza quasi adeguata, ma 99 locali inutilizzabili. Mediamente 2-3 persone per stanza, condizioni gestibili ma con spazi da ottimizzare."
Sardegna,Sardegna_hex_3,226.53.00,1134.28.00,Cagliari,149,"4,04",3,"2614 posti per 2280 detenuti (87%). Unica regione con capienza quasi adeguata, ma 99 locali inutilizzabili. Mediamente 2-3 persone per stanza, condizioni gestibili ma con spazi da ottimizzare."
Sardegna,Sardegna_hex_4,198.11.00,1084.36.00,Isili,55.13.00,"7,52",3,"2614 posti per 2280 detenuti (87%). Unica regione con capienza quasi adeguata, ma 99 locali inutilizzabili. Mediamente 2-3 persone per stanza, condizioni gestibili ma con spazi da ottimizzare."
Sardegna,Sardegna_hex_5,255.35.00,1084.36.00,Lanusei,71.03.00,"5,96",3,"2614 posti per 2280 detenuti (87%). Unica regione con capienza quasi adeguata, ma 99 locali inutilizzabili. Mediamente 2-3 persone per stanza, condizioni gestibili ma con spazi da ottimizzare."
Sardegna,Sardegna_hex_6,226.35.00,1034.04.00,Nuoro,136.01.00,"7,18",2,"2614 posti per 2280 detenuti (87%). Unica regione con capienza quasi adeguata, ma 99 locali inutilizzabili. Mediamente 2-3 persone per stanza, condizioni gestibili ma con spazi da ottimizzare."
Sardegna,Sardegna_hex_7,255.35.00,984.12.00,Onanì,73.30.00,"9,11",2,"2614 posti per 2280 detenuti (87%). Unica regione con capienza quasi adeguata, ma 99 locali inutilizzabili. Mediamente 2-3 persone per stanza, condizioni gestibili ma con spazi da ottimizzare."
Sardegna,Sardegna_hex_8,140.06.00,1084.36.00,Oristano,91.31.00,"6,91",2,"2614 posti per 2280 detenuti (87%). Unica regione con capienza quasi adeguata, ma 99 locali inutilizzabili. Mediamente 2-3 persone per stanza, condizioni gestibili ma con spazi da ottimizzare."
Sardegna,Sardegna_hex_9,169.28.00,1034.04.00,Sassari,70.48.00,"5,51",2,"2614 posti per 2280 detenuti (87%). Unica regione con capienza quasi adeguata, ma 99 locali inutilizzabili. Mediamente 2-3 persone per stanza, condizioni gestibili ma con spazi da ottimizzare."
Sardegna,Sardegna_hex_10,198.11.00,984.12.00,Tempio Pausania,66.47.00,"6,27",2,"2614 posti per 2280 detenuti (87%). Unica regione con capienza quasi adeguata, ma 99 locali inutilizzabili. Mediamente 2-3 persone per stanza, condizioni gestibili ma con spazi da ottimizzare."
Sicilia,Sicilia_hex_1,889.43.00,1383.48.00,Agrigento,117.18.00,"4,78",2,"6439 posti e 6930 detenuti (108%). Leggero sovraffollamento, con 313 locali inutilizzabili. Mediamente 3-4 persone per stanza, con servizi migliorabili per adeguarsi alle necessità."
Sicilia,Sicilia_hex_2,1005.12.00,1483.33.00,Augusta,98.24.00,"4,53",2,"6439 posti e 6930 detenuti (108%). Leggero sovraffollamento, con 313 locali inutilizzabili. Mediamente 3-4 persone per stanza, con servizi migliorabili per adeguarsi alle necessità."
Sicilia,Sicilia_hex_3,1033.54.00,1333.56.00,Barcellona,146.39.00,"7,58",2,"6439 posti e 6930 detenuti (108%). Leggero sovraffollamento, con 313 locali inutilizzabili. Mediamente 3-4 persone per stanza, con servizi migliorabili per adeguarsi alle necessità."
Sicilia,Sicilia_hex_4,976.30.00,1433.41.00,Caltagirone,164.14.00,"5,01",2,"6439 posti e 6930 detenuti (108%). Leggero sovraffollamento, con 313 locali inutilizzabili. Mediamente 3-4 persone per stanza, con servizi migliorabili per adeguarsi alle necessità."
Sicilia,Sicilia_hex_5,861.01.00,1433.41.00,Caltanisetta,66.02.00,"4,35",3,"6439 posti e 6930 detenuti (108%). Leggero sovraffollamento, con 313 locali inutilizzabili. Mediamente 3-4 persone per stanza, con servizi migliorabili per adeguarsi alle necessità."
Sicilia,Sicilia_hex_6,716.50.00,1383.48.00,Castelvetrano,113.53.00,"4,47",2,"6439 posti e 6930 detenuti (108%). Leggero sovraffollamento, con 313 locali inutilizzabili. Mediamente 3-4 persone per stanza, con servizi migliorabili per adeguarsi alle necessità."
Sicilia,Sicilia_hex_7,1033.54.00,1433.41.00,Catania Bicocca,125.14.00,"3,61",4,"6439 posti e 6930 detenuti (108%). Leggero sovraffollamento, con 313 locali inutilizzabili. Mediamente 3-4 persone per stanza, con servizi migliorabili per adeguarsi alle necessità."
Sicilia,Sicilia_hex_8,1005.12.00,1383.48.00,Catania Piazza Lanza,161.36.00,"6,2",2,"6439 posti e 6930 detenuti (108%). Leggero sovraffollamento, con 313 locali inutilizzabili. Mediamente 3-4 persone per stanza, con servizi migliorabili per adeguarsi alle necessità."
Sicilia,Sicilia_hex_9,947.07.00,1383.48.00,Enna,137.04.00,"4,4",3,"6439 posti e 6930 detenuti (108%). Leggero sovraffollamento, con 313 locali inutilizzabili. Mediamente 3-4 persone per stanza, con servizi migliorabili per adeguarsi alle necessità."
Sicilia,Sicilia_hex_10,659.26.00,1383.48.00,Favignana,148.39.00,"5,37",3,"6439 posti e 6930 detenuti (108%). Leggero sovraffollamento, con 313 locali inutilizzabili. Mediamente 3-4 persone per stanza, con servizi migliorabili per adeguarsi alle necessità."
Sicilia,Sicilia_hex_11,889.43.00,1483.33.00,Gela,132.01.00,"4,98",2,"6439 posti e 6930 detenuti (108%). Leggero sovraffollamento, con 313 locali inutilizzabili. Mediamente 3-4 persone per stanza, con servizi migliorabili per adeguarsi alle necessità."
Sicilia,Sicilia_hex_12,1062.36.00,1383.48.00,Giarre,100,"5,14",2,"6439 posti e 6930 detenuti (108%). Leggero sovraffollamento, con 313 locali inutilizzabili. Mediamente 3-4 persone per stanza, con servizi migliorabili per adeguarsi alle necessità."
Sicilia,Sicilia_hex_13,1091.18.00,1333.56.00,Messina,139.58.00,"5,13",2,"6439 posti e 6930 detenuti (108%). Leggero sovraffollamento, con 313 locali inutilizzabili. Mediamente 3-4 persone per stanza, con servizi migliorabili per adeguarsi alle necessità."
Sicilia,Sicilia_hex_14,976.30.00,1533.25.00,Noto,141.18.00,"7,59",2,"6439 posti e 6930 detenuti (108%). Leggero sovraffollamento, con 313 locali inutilizzabili. Mediamente 3-4 persone per stanza, con servizi migliorabili per adeguarsi alle necessità."
Sicilia,Sicilia_hex_15,803.37.00,1333.56.00,Palermo - Circ.,101.31.00,"5,23",2,"6439 posti e 6930 detenuti (108%). Leggero sovraffollamento, con 313 locali inutilizzabili. Mediamente 3-4 persone per stanza, con servizi migliorabili per adeguarsi alle necessità."
Sicilia,Sicilia_hex_16,745.32.00,1333.56.00,Palermo - Rec.,82.39.00,"5,13",3,"6439 posti e 6930 detenuti (108%). Leggero sovraffollamento, con 313 locali inutilizzabili. Mediamente 3-4 persone per stanza, con servizi migliorabili per adeguarsi alle necessità."
Sicilia,Sicilia_hex_17,918.25.00,1433.41.00,Piazza Armerina,122.49.00,"4,43",2,"6439 posti e 6930 detenuti (108%). Leggero sovraffollamento, con 313 locali inutilizzabili. Mediamente 3-4 persone per stanza, con servizi migliorabili per adeguarsi alle necessità."
Sicilia,Sicilia_hex_18,947.07.00,1483.33.00,Ragusa,100,"4,51",4,"6439 posti e 6930 detenuti (108%). Leggero sovraffollamento, con 313 locali inutilizzabili. Mediamente 3-4 persone per stanza, con servizi migliorabili per adeguarsi alle necessità."
Sicilia,Sicilia_hex_19,803.37.00,1433.41.00,San Cataldo,158.33.00,"6,19",5,"6439 posti e 6930 detenuti (108%). Leggero sovraffollamento, con 313 locali inutilizzabili. Mediamente 3-4 persone per stanza, con servizi migliorabili per adeguarsi alle necessità."
Sicilia,Sicilia_hex_20,774.14.00,1383.48.00,Sciacca,110.24.00,"6,6",1,"6439 posti e 6930 detenuti (108%). Leggero sovraffollamento, con 313 locali inutilizzabili. Mediamente 3-4 persone per stanza, con servizi migliorabili per adeguarsi alle necessità."
Sicilia,Sicilia_hex_21,1033.54.00,1533.25.00,Siracusa,77.27.00,"4,5",3,"6439 posti e 6930 detenuti (108%). Leggero sovraffollamento, con 313 locali inutilizzabili. Mediamente 3-4 persone per stanza, con servizi migliorabili per adeguarsi alle necessità."
Sicilia,Sicilia_hex_22,832.19.00,1383.48.00,Termini Imerese,115,"4,9",3,"6439 posti e 6930 detenuti (108%). Leggero sovraffollamento, con 313 locali inutilizzabili. Mediamente 3-4 persone per stanza, con servizi migliorabili per adeguarsi alle necessità."
Sicilia,Sicilia_hex_23,688.08.00,1333.56.00,Trapani,121.28.00,"4,83",3,"6439 posti e 6930 detenuti (108%). Leggero sovraffollamento, con 313 locali inutilizzabili. Mediamente 3-4 persone per stanza, con servizi migliorabili per adeguarsi alle necessità."
Toscana,Toscana_hex_1,630.03.00,435.39.00,Arezzo,114.08.00,"5,43",1,"3162 posti per 3254 detenuti (103%). Condizioni non critiche ma 391 locali inutilizzabili riducono gli spazi pro capite. Mediamente 3 persone per stanza, con sanitari al limite."
Toscana,Toscana_hex_2,601.21.00,385.06.00,Firenze,108.45.00,"4,22",3,"3162 posti per 3254 detenuti (103%). Condizioni non critiche ma 391 locali inutilizzabili riducono gli spazi pro capite. Mediamente 3 persone per stanza, con sanitari al limite."
Toscana,Toscana_hex_3,572.39.00,435.39.00,Firenze Sollicciano,179.17.00,"4,59",2,"3162 posti per 3254 detenuti (103%). Condizioni non critiche ma 391 locali inutilizzabili riducono gli spazi pro capite. Mediamente 3 persone per stanza, con sanitari al limite."
Toscana,Toscana_hex_4,572.39.00,535.23.00,Grosseto,138.06.00,"3,03",4,"3162 posti per 3254 detenuti (103%). Condizioni non critiche ma 391 locali inutilizzabili riducono gli spazi pro capite. Mediamente 3 persone per stanza, con sanitari al limite."
Toscana,Toscana_hex_5,428.28.00,385.06.00,Livorno,148.32.00,"4,34",1,"3162 posti per 3254 detenuti (103%). Condizioni non critiche ma 391 locali inutilizzabili riducono gli spazi pro capite. Mediamente 3 persone per stanza, con sanitari al limite."
Toscana,Toscana_hex_6,457.10.00,435.39.00,Livorno Gorgona,193.33.00,"6,94",2,"3162 posti per 3254 detenuti (103%). Condizioni non critiche ma 391 locali inutilizzabili riducono gli spazi pro capite. Mediamente 3 persone per stanza, con sanitari al limite."
Toscana,Toscana_hex_7,457.10.00,335.14.00,Lucca,137.07.00,"3,86",2,"3162 posti per 3254 detenuti (103%). Condizioni non critiche ma 391 locali inutilizzabili riducono gli spazi pro capite. Mediamente 3 persone per stanza, con sanitari al limite."
Toscana,Toscana_hex_8,342.21.00,335.14.00,Massa,92.13.00,"3,84",3,"3162 posti per 3254 detenuti (103%). Condizioni non critiche ma 391 locali inutilizzabili riducono gli spazi pro capite. Mediamente 3 persone per stanza, con sanitari al limite."
Toscana,Toscana_hex_9,515.15.00,535.23.00,Massa Marittima,207.32.00,"6,23",2,"3162 posti per 3254 detenuti (103%). Condizioni non critiche ma 391 locali inutilizzabili riducono gli spazi pro capite. Mediamente 3 persone per stanza, con sanitari al limite."
Toscana,Toscana_hex_10,399.46.00,335.14.00,Pisa,143.37.00,"4,4",2,"3162 posti per 3254 detenuti (103%). Condizioni non critiche ma 391 locali inutilizzabili riducono gli spazi pro capite. Mediamente 3 persone per stanza, con sanitari al limite."
Toscana,Toscana_hex_11,486.32.00,385.06.00,Pistoia,96.23.00,"7,1",2,"3162 posti per 3254 detenuti (103%). Condizioni non critiche ma 391 locali inutilizzabili riducono gli spazi pro capite. Mediamente 3 persone per stanza, con sanitari al limite."
Toscana,Toscana_hex_12,486.32.00,485.31.00,Porto Azzurro,161.29.00,"7,49",2,"3162 posti per 3254 detenuti (103%). Condizioni non critiche ma 391 locali inutilizzabili riducono gli spazi pro capite. Mediamente 3 persone per stanza, con sanitari al limite."
Toscana,Toscana_hex_13,543.57.00,385.06.00,Prato,95.14.00,"6,1",2,"3162 posti per 3254 detenuti (103%). Condizioni non critiche ma 391 locali inutilizzabili riducono gli spazi pro capite. Mediamente 3 persone per stanza, con sanitari al limite."
Toscana,Toscana_hex_14,543.57.00,485.31.00,San Gimignano,98.44.00,"5,29",2,"3162 posti per 3254 detenuti (103%). Condizioni non critiche ma 391 locali inutilizzabili riducono gli spazi pro capite. Mediamente 3 persone per stanza, con sanitari al limite."
Toscana,Toscana_hex_15,601.21.00,485.31.00,Siena,102.28.00,"5,35",2,"3162 posti per 3254 detenuti (103%). Condizioni non critiche ma 391 locali inutilizzabili riducono gli spazi pro capite. Mediamente 3 persone per stanza, con sanitari al limite."
Toscana,Toscana_hex_16,515.15.00,435.39.00,Volterra,143.05.00,"7,93",2,"3162 posti per 3254 detenuti (103%). Condizioni non critiche ma 391 locali inutilizzabili riducono gli spazi pro capite. Mediamente 3 persone per stanza, con sanitari al limite."
Trentino-Alto_Adige,Trentino-Alto_Adige_hex_1,486.32.00,85.54.00,Bolzano,126.26.00,"3,88",4,"510 posti per 486 detenuti (95%). Situazione equilibrata, con 4 locali inutilizzabili. Mediamente 2-3 persone per cella, spazi gestibili e servizi adeguati."
Trentino-Alto_Adige,Trentino-Alto_Adige_hex_2,543.57.00,85.54.00,Trento,95.24.00,"5,97",3,"510 posti per 486 detenuti (95%). Situazione equilibrata, con 4 locali inutilizzabili. Mediamente 2-3 persone per cella, spazi gestibili e servizi adeguati."
Umbria,Umbria_hex_2,688.08.00,535.23.00,Spoleto,132.39.00,"4,31",4,"1429 posti e 1595 detenuti (112%). Sovraffollamento moderato, con 63 locali non disponibili. Circa 3-4 persone per cella, docce e sanitari inadeguati per le necessità."
Umbria,Umbria_hex_3,659.26.00,485.31.00,Perugia,85,"4,47",2,"1429 posti e 1595 detenuti (112%). Sovraffollamento moderato, con 63 locali non disponibili. Circa 3-4 persone per cella, docce e sanitari inadeguati per le necessità."
Umbria,Umbria_hex_1,630.03.00,535.23.00,Orvieto,149.35.00,"8,09",2,"1429 posti e 1595 detenuti (112%). Sovraffollamento moderato, con 63 locali non disponibili. Circa 3-4 persone per cella, docce e sanitari inadeguati per le necessità."
Umbria,Umbria_hex_4,659.26.00,585.15.00,Terni,124.49.00,5,2,"1429 posti e 1595 detenuti (112%). Sovraffollamento moderato, con 63 locali non disponibili. Circa 3-4 persone per cella, docce e sanitari inadeguati per le necessità."
Valle d'Aosta,Valle-d-Aosta_hex_1,24,83.21.00,Brissogne,88.10.00,"8,3",1,"181 posti per 148 detenuti (82%). Situazione ottimale, con 13 locali inutilizzabili nell’unica struttura carceraria presente nella regione. Mediamente 1-2 persone per cella, spazi e servizi ampiamente sufficienti."
Veneto,Veneto_hex_1,630.03.00,36.02.00,Belluno,88.28.00,"4,03",3,"1946 posti per 2656 detenuti (136%). Grave sovraffollamento, con 119 locali inutilizzabili. Circa 4-5 persone per stanza, con servizi sanitari al di sotto delle necessità."
Veneto,Veneto_hex_2,572.39.00,135.46.00,Padova - circ.,138.05.00,"4,41",4,"1946 posti per 2656 detenuti (136%). Grave sovraffollamento, con 119 locali inutilizzabili. Circa 4-5 persone per stanza, con servizi sanitari al di sotto delle necessità."
Veneto,Veneto_hex_3,630.03.00,135.46.00,Padova - r,88.10.00,"5,02",2,"1946 posti per 2656 detenuti (136%). Grave sovraffollamento, con 119 locali inutilizzabili. Circa 4-5 persone per stanza, con servizi sanitari al di sotto delle necessità."
Veneto,Veneto_hex_4,572.39.00,235.30.00,Rovigo,134.15.00,"4,6",3,"1946 posti per 2656 detenuti (136%). Grave sovraffollamento, con 119 locali inutilizzabili. Circa 4-5 persone per stanza, con servizi sanitari al di sotto delle necessità."
Veneto,Veneto_hex_5,688.08.00,135.46.00,Treviso,118.33.00,"3,41",4,"1946 posti per 2656 detenuti (136%). Grave sovraffollamento, con 119 locali inutilizzabili. Circa 4-5 persone per stanza, con servizi sanitari al di sotto delle necessità."
Veneto,Veneto_hex_7,630.03.00,235.30.00,Venezia Giudecca,114.15.00,"5,85",4,"1946 posti per 2656 detenuti (136%). Grave sovraffollamento, con 119 locali inutilizzabili. Circa 4-5 persone per stanza, con servizi sanitari al di sotto delle necessità."
Veneto,Veneto_hex_6,601.21.00,185.38.00,Venezia - Circ.,146.27.00,"3,14",4,"1946 posti per 2656 detenuti (136%). Grave sovraffollamento, con 119 locali inutilizzabili. Circa 4-5 persone per stanza, con servizi sanitari al di sotto delle necessità."
Veneto,Veneto_hex_8,543.57.00,185.38.00,Verona,170.24.00,"3,83",2,"1946 posti per 2656 detenuti (136%). Grave sovraffollamento, con 119 locali inutilizzabili. Circa 4-5 persone per stanza, con servizi sanitari al di sotto delle necessità."
Veneto,Veneto_hex_9,601.21.00,85.54.00,Vicenza,168.59.00,"4,12",2,"1946 posti per 2656 detenuti (136%). Grave sovraffollamento, con 119 locali inutilizzabili. Circa 4-5 persone per stanza, con servizi sanitari al di sotto delle necessità."